,cs2,s2_shadow_s2_time_shadow_quantile,s1_bdt_score,s2_bdt_score
0,130.4071,0.7288361683583096,0.23165815370539328,0.9306586463459877
1,243.1675,0.693667700203537,0.28544951450807654,0.8954002967725094
2,157.7557,0.4833964794046265,0.568138186330471,0.9373856793531322
3,197.20575,0.36459284784532714,0.7560401929145885,0.9530955350583119
4,164.77756,0.7452240351615207,0.2051621597689644,0.9238991506673213
5,146.14749,0.5607224621089604,0.6406990595784127,0.9008984108336973
6,142.86908,0.2439525029017553,0.7302028666801523,0.9316659137995685
7,230.39777,0.5975991595587402,0.818964005748698,0.891885775206732
8,462.59204,0.8665268833477104,0.5493350402817236,0.8790236025231082
